world_id,world_name,role_id,character_name,file,width,height,size_bytes,sha256
agency,開拓団,scout,カイ,images/agency_scout.png,1254,1254,2474713,1c2354a15a3c2182f9bd501e93d9f54438caf931a2ef6b2f91998bdee14b287b
agency,開拓団,analyzer,ミナ,images/agency_analyzer.png,1254,1254,2525887,d0c1a8b04e4a4332b838ff6ae87c0eb1f53e53186aa8e02816109d7b9b172cb8
agency,開拓団,planner,ガルド,images/agency_planner.png,1254,1254,2607008,bb9f1ec67f53fd8aef2637762112d7b99ae1b545e36a01d91cae27772940cffe
agency,開拓団,writer,ノエル,images/agency_writer.png,1254,1254,2714280,26fbefcc7d06fde4d10f8fd065e8302c1f09f42bfcae54013a28c2acd702f165
agency,開拓団,manager,ブルーノ,images/agency_manager.png,1254,1254,2529555,deeedebfe133a47e30a8fac8a35b44ea0eae0f280ad28f3d642d5efed1591e19
agency,開拓団,reviewer,セラ,images/agency_reviewer.png,1254,1254,2668207,081c1e7257cc6070c951dd8916b4e475d7934f4ff273662d37ae37f2eee54912
agency,開拓団,thumb,サムネイル,images/agency_thumb.png,1586,992,2540266,a2451df98f45a8c15d3da70224410d61d1799d7ce825c31cad2b361f9ad1515a
sports,ブルーアリーナ,scout,レン,images/sports_scout.png,1254,1254,2508601,b472e6407f098856d8276bff72821cb1fcf8515fb7ace0950c186f8ecf11ec28
sports,ブルーアリーナ,analyzer,ミナト,images/sports_analyzer.png,1254,1254,3052045,3fb48ab1acd3f5450e30615f8e659ae8d0fa58eafaf97415c2761bb5118681a7
sports,ブルーアリーナ,planner,ユウマ,images/sports_planner.png,1254,1254,2615711,9e4b5d517012cff30239d84e440e76776089a6873f3037a8ee2a3a2a89b826f0
sports,ブルーアリーナ,writer,ハヤト,images/sports_writer.png,1254,1254,3005783,50105d061b984afa2ca212f4e7bf0b631f0e13718bfab6cbec9960ad0add37a8
sports,ブルーアリーナ,manager,ソウ,images/sports_manager.png,1254,1254,2623553,c3ed70b5f73cfbd98db5ae90cca35c1d5c7e9f1183e4125e3526a31721d8815e
sports,ブルーアリーナ,reviewer,ケイ,images/sports_reviewer.png,1254,1254,3066184,a524b056ab3c43f1a17e17e72f6aac420949d900bf01b550d55a9b29780edbbe
sports,ブルーアリーナ,thumb,サムネイル,images/sports_thumb.png,1586,992,2510527,10ec8742ac885244c56e3066cb274b1333141fbdac48e52c8088a4aac5cc8ae8
oa,市松ムダ退治隊,scout,ゲンジ,images/oa_scout.png,1254,1254,3539999,011da1b91f516c57b1856b07cab3bfabb31cb528d1c51c756af47454bda6da5c
oa,市松ムダ退治隊,analyzer,ミオ,images/oa_analyzer.png,1254,1254,3340991,b2b228ab086df62caae78602f572d40c819b2b37e70869e7dd53fc7fbb9d0b08
oa,市松ムダ退治隊,planner,鉄心,images/oa_planner.png,1254,1254,3427542,0fc576c35e7634c8580301e9c9505cdc0f1352a975399c44c6d813f390d8245e
oa,市松ムダ退治隊,writer,あやめ,images/oa_writer.png,1254,1254,3264451,0d9c7d6c63a8cba2d06d1e1ff612d3dcc6762193643369e3f7a3d23b92c447fa
oa,市松ムダ退治隊,manager,タケゾウ,images/oa_manager.png,1254,1254,3241773,f4da24d028e15940a0a589d15b61f5f8c03acdf36fba2cdb7984da309f87d893
oa,市松ムダ退治隊,reviewer,百合,images/oa_reviewer.png,1254,1254,3441028,d2617f26debce14a968ab28778a53f103f8b0624323c32b305073e80e6dca203
oa,市松ムダ退治隊,thumb,サムネイル,images/oa_thumb.png,1586,992,2832674,f662746f66c1b1fa2298d2b777d5530cb66f0ba60f8ca161a4236578190f9c3d
war,新規・古代中国戦記ワールド（仮称）,scout,先陣,images/war_scout.png,1254,1254,2804789,6ae312970859d9bc1d27d6b4b0fe4c99abf9511ec804fb63a32e05914f1bbed7
war,新規・古代中国戦記ワールド（仮称）,analyzer,斥候,images/war_analyzer.png,1254,1254,2898452,ebc5fbca91dba88276d5a7045cb75bdc278efc7e508bfe75d40003e5b2b6a92e
war,新規・古代中国戦記ワールド（仮称）,planner,軍師,images/war_planner.png,1254,1254,3183628,c7cd466d34dca42c62b97c2728ecfdce01ceec835cf1708f27db8880abafed0a
war,新規・古代中国戦記ワールド（仮称）,writer,伝令,images/war_writer.png,1254,1254,2873792,887067f18b42e75b6287e38eb7fb277976de1362166b55e0c5a6272079e92243
war,新規・古代中国戦記ワールド（仮称）,manager,兵站,images/war_manager.png,1254,1254,2851595,bfa2a876093f94cff8042f12499cc118c666ac2271dbd8f88f16181872a64170
war,新規・古代中国戦記ワールド（仮称）,reviewer,守将,images/war_reviewer.png,1254,1254,2990713,0f1af3617103c6166306030845c28d89f4273ab518ad2cf0a18596ffdaf3553c
war,新規・古代中国戦記ワールド（仮称）,thumb,サムネイル,images/war_thumb.png,1586,992,2898667,5c4e69d78dc9155aeb79d855dda2e3a0d70576159514c5b35b881d16a0dc18e8
web,キラキラ・シール王国,scout,キラリ,images/web_scout.png,1254,1254,3053500,fd3fe13a2bc8b60d99e5ca7f43651ea0768b5ae65dba1e2df9c5d5b8ee39551d
web,キラキラ・シール王国,analyzer,ルクス,images/web_analyzer.png,1254,1254,3408878,c53283394118c5ea224231c63b53760fbeeb858535a551bb8ab9353e15689371
web,キラキラ・シール王国,planner,プリズ,images/web_planner.png,1254,1254,3554339,0b3c1225fec448ff9c53a326d2c0d3c7289a899f798b25908e20eda8cb1b7f94
web,キラキラ・シール王国,writer,ホロ,images/web_writer.png,1254,1254,3032197,594bad6f7c50e725a743d0d520a532a24a1ff0d9dee0a8c0ecf51c37d62f7fa4
web,キラキラ・シール王国,manager,ジュエ,images/web_manager.png,1254,1254,3448935,2c6d4ad83f9f4b8df009c00d4c8691aa87f5c8f0240bcc256691a0d29363d4e9
web,キラキラ・シール王国,reviewer,セイント,images/web_reviewer.png,1254,1254,3381376,561b3b443e0ef11aace56bfb68f5a097e32ccebafc7d331c845d2d7290ea1959
web,キラキラ・シール王国,thumb,サムネイル,images/web_thumb.png,1586,992,2979195,a5e6c27216cb28ca29181999db9dcbe6bac9244d29c674a6a9093be00380d76c
